track_id,date
25iMyMov4BHWJGjQodtqOC,20230406
6dyXogYZZ45wBgRY1Wq3P1,20230602
2vukoriV9e7oyOojN1NtsB,20230602
66XSjjwZLBJ55s5ZhdlxkP,20230603
3HAkoNmThZhyFejhpRXXYI,20230605
2ka8U0A2e93hBFA43mbgfy,20230626
5xoar7MhzRUVqJvGpAtxfP,20230626
4daEMLSZCgZ2Mt7gNm2SRa,20230630
6kQF79mjbOkvuRvg0J2XZv,20230630
0Tc5rJmMphUeuOp1mTUPAu,20230703
78BNKlQLeKRQxkqKI11n2F,20230703
4lAVyAcjOFWqxTcUACeFt3,20230703
3VQH9MYoFvxmXmWECnqdRg,20230703
6rdkCkjk6D12xRpdMXy0I2,20230707
7kaFsQygyiCqRboWCXztxZ,20230707
3BlFzuu8yqE4bMrHKTViee,20230707
6p50Pjktqc7CGM9lnxaRTe,20230713
2OU3cFLvDPvKON4AxU6OHG,20230713
6o52jIqoPg1rDvkt5dDHu4,20230713
2x8RHLxtzfEUAvIVoaBgIT,20230713
6cXAZab343ACnaUzVCkCcE,20230713
7GMFIwA0z8Ne2zB86XqUuZ,20230713
3xIMkM5LgbVDkpO74O3Np3,20230714
6wf7Yu7cxBSPrRlWeSeK0Q,20230714
6p50Pjktqc7CGM9lnxaRTe,20230714
2OU3cFLvDPvKON4AxU6OHG,20230714
0JelY23AS8fyxqGT9kkibH,20230717
4qJYwbYkxvijEEbTk5uF4m,20230717
7xlPmv0QzeklLt3Z4rckBE,20230717
7ik0uSROwZ9hxoFGsw6uPs,20230717
3FR2yqZsG07NhXz7uPyUyC,20230717
76qqDJijAjFph7sjUxNVG8,20230721
79DU9AWxpMpKsGS5yps6sp,20230721
285Bh5EkbxGGE76ge8JDbH,20230721
76qqDJijAjFph7sjUxNVG8,20230722
1rp986nzkyAX1wFpxzbwlC,20230722
0GibYHfyMl3mit5i3mKMdP,20230722
76qqDJijAjFph7sjUxNVG8,20230723
7vgvV8dD2L0l7pMSOBPD26,20230726
2EEp1hfwhP3yvPhZzFCZSw,20230727
7vgvV8dD2L0l7pMSOBPD26,20230727
3FtQes77xlbS9QTVts7p2u,20230728
4P5ozkI1bxiGxA5rZ27jlO,20230816
0Puudh380z6cOCgMaTNm7h,20230818
